Date,TB3MS,TB6MS,GS1,GS3,GS5,GS7,GS10
2/1/1973,5.6,5.83,6.19,6.58,6.6,6.6,6.64
3/1/1973,6.09,6.51,6.85,6.86,6.8,6.76,6.71
4/1/1973,6.26,6.52,6.85,6.78,6.67,6.67,6.67
5/1/1973,6.36,6.62,6.89,6.83,6.8,6.83,6.85
6/1/1973,7.19,7.23,7.31,6.84,6.69,6.81,6.9
7/1/1973,8.01,8.12,8.39,7.54,7.33,7.23,7.13
8/1/1973,8.67,8.65,8.82,7.89,7.63,7.52,7.4
9/1/1973,8.29,8.45,8.31,7.25,7.05,7.08,7.09
10/1/1973,7.22,7.32,7.4,6.81,6.77,6.78,6.79
11/1/1973,7.83,7.96,7.57,7,6.92,6.89,6.73
12/1/1973,7.45,7.56,7.27,6.81,6.8,6.77,6.74
1/1/1974,7.77,7.65,7.42,6.96,6.95,6.88,6.99
2/1/1974,7.12,6.96,6.88,6.76,6.82,6.92,6.96
3/1/1974,7.96,7.83,7.76,7.35,7.31,7.34,7.21
4/1/1974,8.33,8.32,8.62,8.05,7.92,7.77,7.51
5/1/1974,8.23,8.4,8.78,8.27,8.18,7.93,7.58
6/1/1974,7.9,8.12,8.67,8.15,8.1,7.9,7.54
7/1/1974,7.55,7.94,8.8,8.41,8.38,8.19,7.81
8/1/1974,8.96,9.11,9.36,8.66,8.63,8.41,8.04
9/1/1974,8.06,8.53,8.87,8.41,8.37,8.25,8.04
10/1/1974,7.46,7.74,8.05,8,7.97,7.92,7.9
11/1/1974,7.47,7.52,7.66,7.61,7.68,7.68,7.68
12/1/1974,7.15,7.11,7.31,7.24,7.31,7.38,7.43
1/1/1975,6.26,6.36,6.83,7.23,7.41,7.45,7.5
2/1/1975,5.5,5.62,5.98,6.65,7.11,7.3,7.39
3/1/1975,5.49,5.62,6.11,6.81,7.3,7.58,7.73
4/1/1975,5.61,6,6.9,7.76,7.99,8.1,8.23
5/1/1975,5.23,5.59,6.39,7.39,7.72,7.9,8.06
6/1/1975,5.34,5.61,6.29,7.17,7.51,7.69,7.86
7/1/1975,6.13,6.5,7.11,7.72,7.92,7.99,8.06
8/1/1975,6.44,6.94,7.7,8.16,8.33,8.37,8.4
9/1/1975,6.42,6.92,7.75,8.29,8.37,8.39,8.43
10/1/1975,5.96,6.25,6.95,7.81,7.97,8.06,8.14
11/1/1975,5.48,5.8,6.49,7.46,7.8,7.98,8.05
12/1/1975,5.44,5.85,6.6,7.43,7.76,7.93,8
1/1/1976,4.87,5.14,5.81,6.99,7.46,7.67,7.74
2/1/1976,4.88,5.2,5.91,7.06,7.45,7.72,7.79
3/1/1976,5,5.44,6.21,7.13,7.49,7.65,7.73
4/1/1976,4.86,5.18,5.92,6.84,7.25,7.44,7.56
5/1/1976,5.2,5.62,6.4,7.27,7.59,7.77,7.9
6/1/1976,5.41,5.77,6.52,7.31,7.61,7.75,7.86
7/1/1976,5.23,5.53,6.2,7.12,7.49,7.7,7.83
8/1/1976,5.14,5.4,6,6.86,7.31,7.58,7.77
9/1/1976,5.08,5.3,5.84,6.66,7.13,7.41,7.59
10/1/1976,4.92,5.06,5.5,6.24,6.75,7.16,7.41
11/1/1976,4.75,4.88,5.29,6.09,6.52,6.86,7.29
12/1/1976,4.35,4.51,4.89,5.68,6.1,6.37,6.87
1/1/1977,4.62,4.83,5.29,6.22,6.58,6.92,7.21
2/1/1977,4.67,4.9,5.47,6.44,6.83,7.16,7.39
3/1/1977,4.6,4.88,5.5,6.47,6.93,7.2,7.46
4/1/1977,4.54,4.8,5.44,6.31,6.79,7.11,7.37
5/1/1977,4.96,5.2,5.84,6.55,6.94,7.26,7.46
6/1/1977,5.02,5.21,5.8,6.39,6.76,7.05,7.28
7/1/1977,5.19,5.4,5.94,6.51,6.84,7.12,7.33
8/1/1977,5.49,5.83,6.37,6.79,7.03,7.24,7.4
9/1/1977,5.81,6.04,6.53,6.84,7.04,7.21,7.34
10/1/1977,6.16,6.43,6.97,7.19,7.32,7.44,7.52
11/1/1977,6.1,6.41,6.95,7.22,7.34,7.46,7.58
12/1/1977,6.07,6.4,6.96,7.3,7.48,7.59,7.69
1/1/1978,6.44,6.7,7.28,7.61,7.77,7.86,7.96
2/1/1978,6.45,6.74,7.34,7.67,7.83,7.94,8.03
3/1/1978,6.29,6.63,7.31,7.7,7.86,7.95,8.04
4/1/1978,6.29,6.73,7.45,7.85,7.98,8.06,8.15
5/1/1978,6.41,7.02,7.82,8.07,8.18,8.25,8.35
6/1/1978,6.73,7.23,8.09,8.3,8.36,8.4,8.46
7/1/1978,7.01,7.44,8.39,8.54,8.54,8.55,8.64
8/1/1978,7.08,7.37,8.31,8.33,8.33,8.38,8.41
9/1/1978,7.85,7.99,8.64,8.41,8.43,8.42,8.42
10/1/1978,7.99,8.55,9.14,8.62,8.61,8.64,8.64
11/1/1978,8.64,9.24,10.01,9.04,8.84,8.8,8.81
12/1/1978,9.08,9.36,10.3,9.33,9.08,9.03,9.01
1/1/1979,9.35,9.47,10.41,9.5,9.2,9.14,9.1
2/1/1979,9.32,9.41,10.24,9.29,9.13,9.11,9.1
3/1/1979,9.48,9.47,10.25,9.38,9.2,9.15,9.12
4/1/1979,9.46,9.49,10.12,9.43,9.25,9.21,9.18
5/1/1979,9.61,9.54,10.12,9.42,9.24,9.23,9.25
6/1/1979,9.06,9.06,9.57,8.95,8.85,8.86,8.91
7/1/1979,9.24,9.24,9.64,8.94,8.9,8.92,8.95
8/1/1979,9.52,9.49,9.98,9.14,9.06,9.05,9.03
9/1/1979,10.26,10.2,10.84,9.69,9.41,9.38,9.33
10/1/1979,11.7,11.66,12.44,10.95,10.63,10.47,10.3
11/1/1979,11.79,11.82,12.39,11.18,10.93,10.8,10.65
12/1/1979,12.04,11.84,11.98,10.71,10.42,10.42,10.39
1/1/1980,12,11.84,12.06,10.88,10.74,10.77,10.8
2/1/1980,12.86,12.86,13.92,12.84,12.6,12.53,12.41
3/1/1980,15.2,15.03,15.82,14.05,13.47,13,12.75
4/1/1980,13.2,12.88,13.3,12.02,11.84,11.49,11.47
5/1/1980,8.58,8.65,9.39,9.44,9.95,10.09,10.18
6/1/1980,7.07,7.3,8.16,8.91,9.21,9.45,9.78
7/1/1980,8.06,8.06,8.65,9.27,9.53,9.84,10.25
8/1/1980,9.13,9.41,10.24,10.63,10.84,10.95,11.1
9/1/1980,10.27,10.57,11.52,11.57,11.62,11.57,11.51
10/1/1980,11.62,11.63,12.49,12.01,11.86,11.79,11.75
11/1/1980,13.73,13.5,14.15,13.31,12.83,12.71,12.68
12/1/1980,15.49,14.64,14.88,13.65,13.25,13,12.84
1/1/1981,15.02,14.08,14.08,13.01,12.77,12.66,12.57
2/1/1981,14.79,14.05,14.57,13.65,13.41,13.28,13.19
3/1/1981,13.36,12.81,13.71,13.51,13.41,13.24,13.12
4/1/1981,13.69,13.45,14.32,14.09,13.99,13.85,13.68
5/1/1981,16.3,15.29,16.2,15.08,14.63,14.3,14.1
6/1/1981,14.73,14.09,14.86,14.29,13.95,13.67,13.47
7/1/1981,14.95,14.74,15.72,15.15,14.79,14.49,14.28
8/1/1981,15.51,15.52,16.72,16,15.56,15.22,14.94
9/1/1981,14.7,14.92,16.52,16.22,15.93,15.65,15.32
10/1/1981,13.54,13.82,15.38,15.5,15.41,15.33,15.15
11/1/1981,10.86,11.3,12.41,13.11,13.38,13.42,13.39
12/1/1981,10.85,11.52,12.85,13.66,13.6,13.62,13.72
1/1/1982,12.28,12.83,14.32,14.64,14.65,14.67,14.59
2/1/1982,13.48,13.61,14.73,14.73,14.54,14.46,14.43
3/1/1982,12.68,12.77,13.95,14.13,13.98,13.93,13.86
4/1/1982,12.7,12.8,13.98,14.18,14,13.94,13.87
5/1/1982,12.09,12.16,13.34,13.77,13.75,13.74,13.62
6/1/1982,12.47,12.7,14.07,14.48,14.43,14.47,14.3
7/1/1982,11.35,11.88,13.24,14,14.07,14.07,13.95
8/1/1982,8.68,9.88,11.43,12.62,13,13.14,13.06
9/1/1982,7.92,9.37,10.85,12.03,12.25,12.36,12.34
10/1/1982,7.71,8.29,9.32,10.62,10.8,10.88,10.91
11/1/1982,8.07,8.34,9.16,9.98,10.38,10.53,10.55
12/1/1982,7.94,8.16,8.91,9.88,10.22,10.49,10.54
1/1/1983,7.86,7.93,8.62,9.64,10.03,10.36,10.46
2/1/1983,8.11,8.23,8.92,9.91,10.26,10.56,10.72
3/1/1983,8.35,8.37,9.04,9.84,10.08,10.31,10.51
4/1/1983,8.21,8.3,8.98,9.76,10.02,10.29,10.4
5/1/1983,8.19,8.22,8.9,9.66,10.03,10.3,10.38
6/1/1983,8.79,8.89,9.66,10.32,10.63,10.83,10.85
7/1/1983,9.08,9.26,10.2,10.9,11.21,11.35,11.38
8/1/1983,9.34,9.51,10.53,11.3,11.63,11.77,11.85
9/1/1983,9,9.15,10.16,11.07,11.43,11.61,11.65
10/1/1983,8.64,8.83,9.81,10.87,11.28,11.47,11.54
11/1/1983,8.76,8.93,9.94,10.96,11.41,11.61,11.69
12/1/1983,9,9.17,10.11,11.13,11.54,11.78,11.83
1/1/1984,8.9,9.01,9.9,10.93,11.37,11.58,11.67
2/1/1984,9.09,9.18,10.04,11.05,11.54,11.75,11.84
3/1/1984,9.52,9.66,10.59,11.59,12.02,12.25,12.32
4/1/1984,9.69,9.84,10.9,11.98,12.37,12.56,12.63
5/1/1984,9.83,10.31,11.66,12.75,13.17,13.34,13.41
6/1/1984,9.87,10.51,12.08,13.18,13.48,13.56,13.56
7/1/1984,10.12,10.52,12.03,13.08,13.27,13.35,13.36
8/1/1984,10.47,10.61,11.82,12.5,12.68,12.75,12.72
9/1/1984,10.37,10.47,11.58,12.34,12.53,12.6,12.52
10/1/1984,9.74,9.87,10.9,11.85,12.06,12.16,12.16
11/1/1984,8.61,8.81,9.82,10.9,11.33,11.49,11.57
12/1/1984,8.06,8.28,9.33,10.56,11.07,11.45,11.5
1/1/1985,7.76,8,9.02,10.43,10.93,11.27,11.38
2/1/1985,8.27,8.39,9.29,10.55,11.13,11.44,11.51
3/1/1985,8.52,8.9,9.86,11.05,11.52,11.82,11.86
4/1/1985,7.95,8.23,9.14,10.49,11.01,11.34,11.43
5/1/1985,7.48,7.65,8.46,9.75,10.34,10.72,10.85
6/1/1985,6.95,7.09,7.8,9.05,9.6,10.08,10.16
7/1/1985,7.08,7.2,7.86,9.18,9.7,10.16,10.31
8/1/1985,7.14,7.32,8.05,9.31,9.81,10.2,10.33
9/1/1985,7.1,7.27,8.07,9.37,9.81,10.24,10.37
10/1/1985,7.16,7.33,8.01,9.25,9.69,10.11,10.24
11/1/1985,7.24,7.3,7.88,8.88,9.28,9.62,9.78
12/1/1985,7.1,7.14,7.67,8.4,8.73,9.11,9.26
1/1/1986,7.07,7.16,7.73,8.41,8.68,9.03,9.19
2/1/1986,7.06,7.11,7.61,8.1,8.34,8.58,8.7
3/1/1986,6.56,6.57,7.03,7.3,7.46,7.67,7.78
4/1/1986,6.06,6.08,6.44,6.86,7.05,7.16,7.3
5/1/1986,6.15,6.19,6.65,7.27,7.52,7.65,7.71
6/1/1986,6.21,6.27,6.73,7.41,7.64,7.75,7.8
7/1/1986,5.83,5.86,6.27,6.86,7.06,7.22,7.3
8/1/1986,5.53,5.55,5.93,6.49,6.8,7.01,7.17
9/1/1986,5.21,5.35,5.77,6.62,6.92,7.28,7.45
10/1/1986,5.18,5.26,5.72,6.56,6.83,7.24,7.43
11/1/1986,5.35,5.41,5.8,6.46,6.76,7.08,7.25
12/1/1986,5.53,5.55,5.87,6.43,6.67,6.97,7.11
1/1/1987,5.43,5.44,5.78,6.41,6.64,6.92,7.08
2/1/1987,5.59,5.59,5.96,6.56,6.79,7.06,7.25
3/1/1987,5.59,5.6,6.03,6.58,6.79,7.06,7.25
4/1/1987,5.64,5.9,6.5,7.32,7.57,7.83,8.02
5/1/1987,5.66,6.05,7,8.02,8.26,8.47,8.61
6/1/1987,5.67,5.99,6.8,7.82,8.02,8.27,8.4
7/1/1987,5.69,5.76,6.68,7.74,8.01,8.27,8.45
8/1/1987,6.04,6.15,7.03,8.03,8.32,8.59,8.76
9/1/1987,6.4,6.64,7.67,8.67,8.94,9.26,9.42
10/1/1987,6.13,6.69,7.59,8.75,9.08,9.37,9.52
11/1/1987,5.69,6.19,6.96,7.99,8.35,8.69,8.86
12/1/1987,5.77,6.36,7.17,8.13,8.45,8.82,8.99
1/1/1988,5.81,6.25,6.99,7.87,8.18,8.48,8.67
2/1/1988,5.66,5.93,6.64,7.38,7.71,8.02,8.21
3/1/1988,5.7,5.91,6.71,7.5,7.83,8.19,8.37
4/1/1988,5.91,6.21,7.01,7.83,8.19,8.52,8.72
5/1/1988,6.26,6.56,7.4,8.24,8.58,8.89,9.09
6/1/1988,6.46,6.71,7.49,8.22,8.49,8.78,8.92
7/1/1988,6.73,6.99,7.75,8.44,8.66,8.91,9.06
8/1/1988,7.06,7.39,8.17,8.77,8.94,9.13,9.26
9/1/1988,7.24,7.43,8.09,8.57,8.69,8.87,8.98
10/1/1988,7.35,7.5,8.11,8.43,8.51,8.69,8.8
11/1/1988,7.76,7.86,8.48,8.72,8.79,8.89,8.96
12/1/1988,8.07,8.22,8.99,9.11,9.09,9.13,9.11
1/1/1989,8.27,8.36,9.05,9.2,9.15,9.14,9.09
2/1/1989,8.53,8.55,9.25,9.32,9.27,9.23,9.17
3/1/1989,8.82,8.85,9.57,9.61,9.51,9.43,9.36
4/1/1989,8.65,8.65,9.36,9.4,9.3,9.24,9.18
5/1/1989,8.43,8.41,8.98,8.98,8.91,8.88,8.86
6/1/1989,8.15,7.93,8.44,8.37,8.29,8.31,8.28
7/1/1989,7.88,7.61,7.89,7.83,7.83,7.94,8.02
8/1/1989,7.9,7.74,8.18,8.13,8.09,8.11,8.11
9/1/1989,7.75,7.74,8.22,8.26,8.17,8.23,8.19
10/1/1989,7.64,7.62,7.99,8.02,7.97,8.03,8.01
11/1/1989,7.69,7.49,7.77,7.8,7.81,7.86,7.87
12/1/1989,7.63,7.42,7.72,7.77,7.75,7.85,7.84
1/1/1990,7.64,7.55,7.92,8.13,8.12,8.2,8.21
2/1/1990,7.74,7.7,8.11,8.39,8.42,8.48,8.47
3/1/1990,7.9,7.85,8.35,8.63,8.6,8.65,8.59
4/1/1990,7.77,7.84,8.4,8.78,8.77,8.81,8.79
5/1/1990,7.74,7.76,8.32,8.69,8.74,8.78,8.76
6/1/1990,7.73,7.63,8.1,8.4,8.43,8.52,8.48
7/1/1990,7.62,7.52,7.94,8.26,8.33,8.46,8.47
8/1/1990,7.45,7.38,7.78,8.22,8.44,8.64,8.75
9/1/1990,7.36,7.32,7.76,8.27,8.51,8.79,8.89
10/1/1990,7.17,7.16,7.55,8.07,8.33,8.59,8.72
11/1/1990,7.06,7.03,7.31,7.74,8.02,8.28,8.39
12/1/1990,6.74,6.7,7.05,7.47,7.73,8,8.08
1/1/1991,6.22,6.28,6.64,7.38,7.7,7.97,8.09
2/1/1991,5.94,5.93,6.27,7.08,7.47,7.73,7.85
3/1/1991,5.91,5.92,6.4,7.35,7.77,8,8.11
4/1/1991,5.65,5.71,6.24,7.23,7.7,7.92,8.04
5/1/1991,5.46,5.61,6.13,7.12,7.7,7.94,8.07
6/1/1991,5.57,5.75,6.36,7.39,7.94,8.17,8.28
7/1/1991,5.58,5.7,6.31,7.38,7.91,8.15,8.27
8/1/1991,5.33,5.39,5.78,6.8,7.43,7.74,7.9
9/1/1991,5.22,5.25,5.57,6.5,7.14,7.48,7.65
10/1/1991,4.99,5.04,5.33,6.23,6.87,7.25,7.53
11/1/1991,4.56,4.61,4.89,5.9,6.62,7.06,7.42
12/1/1991,4.07,4.1,4.38,5.39,6.19,6.69,7.09
1/1/1992,3.8,3.87,4.15,5.4,6.24,6.7,7.03
2/1/1992,3.84,3.93,4.29,5.72,6.58,6.96,7.34
3/1/1992,4.04,4.18,4.63,6.18,6.95,7.26,7.54
4/1/1992,3.75,3.87,4.3,5.93,6.78,7.15,7.48
5/1/1992,3.63,3.75,4.19,5.81,6.69,7.06,7.39
6/1/1992,3.66,3.77,4.17,5.6,6.48,6.9,7.26
7/1/1992,3.21,3.28,3.6,4.91,5.84,6.36,6.84
8/1/1992,3.13,3.21,3.47,4.72,5.6,6.12,6.59
9/1/1992,2.91,2.96,3.18,4.42,5.38,5.96,6.42
10/1/1992,2.86,3.04,3.3,4.64,5.6,6.15,6.59
11/1/1992,3.13,3.34,3.68,5.14,6.04,6.49,6.87
12/1/1992,3.22,3.36,3.71,5.21,6.08,6.46,6.77
1/1/1993,3,3.14,3.5,4.93,5.83,6.26,6.6
2/1/1993,2.93,3.07,3.39,4.58,5.43,5.87,6.26
3/1/1993,2.95,3.05,3.33,4.4,5.19,5.66,5.98
4/1/1993,2.87,2.97,3.24,4.3,5.13,5.59,5.97
5/1/1993,2.96,3.07,3.36,4.4,5.2,5.66,6.04
6/1/1993,3.07,3.2,3.54,4.53,5.22,5.61,5.96
7/1/1993,3.04,3.16,3.47,4.43,5.09,5.48,5.81
8/1/1993,3.02,3.14,3.44,4.36,5.03,5.35,5.68
9/1/1993,2.95,3.06,3.36,4.17,4.73,5.08,5.36
10/1/1993,3.02,3.12,3.39,4.18,4.71,5.05,5.33
11/1/1993,3.1,3.26,3.58,4.5,5.06,5.45,5.72
12/1/1993,3.06,3.23,3.61,4.54,5.15,5.48,5.77
1/1/1994,2.98,3.15,3.54,4.48,5.09,5.43,5.75
2/1/1994,3.25,3.43,3.87,4.83,5.4,5.72,5.97
3/1/1994,3.5,3.78,4.32,5.4,5.94,6.28,6.48
4/1/1994,3.68,4.09,4.82,5.99,6.52,6.8,6.97
5/1/1994,4.14,4.6,5.31,6.34,6.78,7.01,7.18
6/1/1994,4.14,4.55,5.27,6.27,6.7,6.91,7.1
7/1/1994,4.33,4.75,5.48,6.48,6.91,7.12,7.3
8/1/1994,4.48,4.88,5.56,6.5,6.88,7.06,7.24
9/1/1994,4.62,5.04,5.76,6.69,7.08,7.28,7.46
10/1/1994,4.95,5.39,6.11,7.04,7.4,7.58,7.74
11/1/1994,5.29,5.72,6.54,7.44,7.72,7.83,7.96
12/1/1994,5.6,6.21,7.14,7.71,7.78,7.8,7.81
1/1/1995,5.71,6.21,7.05,7.66,7.76,7.79,7.78
2/1/1995,5.77,6.03,6.7,7.25,7.37,7.44,7.47
3/1/1995,5.73,5.89,6.43,6.89,7.05,7.14,7.2
4/1/1995,5.65,5.77,6.27,6.68,6.86,6.95,7.06
5/1/1995,5.67,5.67,6,6.27,6.41,6.5,6.63
6/1/1995,5.47,5.42,5.64,5.8,5.93,6.05,6.17
7/1/1995,5.42,5.37,5.59,5.89,6.01,6.2,6.28
8/1/1995,5.4,5.41,5.75,6.1,6.24,6.41,6.49
9/1/1995,5.28,5.3,5.62,5.89,6,6.13,6.2
10/1/1995,5.28,5.32,5.59,5.77,5.86,5.97,6.04
11/1/1995,5.36,5.27,5.43,5.57,5.69,5.83,5.93
12/1/1995,5.14,5.13,5.31,5.39,5.51,5.63,5.71
1/1/1996,5,4.92,5.09,5.2,5.36,5.54,5.65
2/1/1996,4.83,4.77,4.94,5.14,5.38,5.64,5.81
3/1/1996,4.96,4.96,5.34,5.79,5.97,6.19,6.27
4/1/1996,4.95,5.06,5.54,6.11,6.3,6.48,6.51
5/1/1996,5.02,5.12,5.64,6.27,6.48,6.66,6.74
6/1/1996,5.09,5.25,5.81,6.49,6.69,6.83,6.91
7/1/1996,5.15,5.3,5.85,6.45,6.64,6.76,6.87
8/1/1996,5.05,5.13,5.67,6.21,6.39,6.52,6.64
9/1/1996,5.09,5.24,5.83,6.41,6.6,6.73,6.83
10/1/1996,4.99,5.11,5.55,6.08,6.27,6.42,6.53
11/1/1996,5.03,5.07,5.42,5.82,5.97,6.1,6.2
12/1/1996,4.91,5.04,5.47,5.91,6.07,6.2,6.3
1/1/1997,5.03,5.1,5.61,6.16,6.33,6.47,6.58
2/1/1997,5.01,5.06,5.53,6.03,6.2,6.32,6.42
3/1/1997,5.14,5.26,5.8,6.38,6.54,6.65,6.69
4/1/1997,5.16,5.37,5.99,6.61,6.76,6.86,6.89
5/1/1997,5.05,5.3,5.87,6.42,6.57,6.66,6.71
6/1/1997,4.93,5.13,5.69,6.24,6.38,6.46,6.49
7/1/1997,5.05,5.12,5.54,6,6.12,6.2,6.22
8/1/1997,5.14,5.19,5.56,6.06,6.16,6.29,6.3
9/1/1997,4.95,5.09,5.52,5.98,6.11,6.2,6.21
10/1/1997,4.97,5.09,5.46,5.84,5.93,6.05,6.03
11/1/1997,5.14,5.17,5.46,5.76,5.8,5.9,5.88
12/1/1997,5.16,5.24,5.53,5.74,5.77,5.83,5.81
1/1/1998,5.04,5.03,5.24,5.38,5.42,5.53,5.54
2/1/1998,5.09,5.07,5.31,5.43,5.49,5.6,5.57
3/1/1998,5.03,5.04,5.39,5.57,5.61,5.71,5.65
4/1/1998,4.95,5.06,5.38,5.58,5.61,5.7,5.64
5/1/1998,5,5.14,5.44,5.61,5.63,5.72,5.65
6/1/1998,4.98,5.12,5.41,5.52,5.52,5.56,5.5
7/1/1998,4.96,5.03,5.36,5.47,5.46,5.52,5.46
8/1/1998,4.9,4.95,5.21,5.24,5.27,5.36,5.34
9/1/1998,4.61,4.63,4.71,4.62,4.62,4.76,4.81
10/1/1998,3.96,4.05,4.12,4.18,4.18,4.46,4.53
11/1/1998,4.41,4.42,4.53,4.57,4.54,4.78,4.83
12/1/1998,4.39,4.4,4.52,4.48,4.45,4.65,4.65
1/1/1999,4.34,4.33,4.51,4.61,4.6,4.8,4.72
2/1/1999,4.44,4.44,4.7,4.9,4.91,5.1,5
3/1/1999,4.44,4.47,4.78,5.11,5.14,5.36,5.23
4/1/1999,4.29,4.37,4.69,5.03,5.08,5.28,5.18
5/1/1999,4.5,4.56,4.85,5.33,5.44,5.64,5.54
6/1/1999,4.57,4.82,5.1,5.7,5.81,6.05,5.9
7/1/1999,4.55,4.58,5.03,5.62,5.68,5.94,5.79
8/1/1999,4.72,4.87,5.2,5.77,5.84,6.15,5.94
9/1/1999,4.68,4.88,5.25,5.75,5.8,6.12,5.92
10/1/1999,4.86,4.98,5.43,5.94,6.03,6.33,6.11
11/1/1999,5.07,5.2,5.55,5.92,5.97,6.17,6.03
12/1/1999,5.2,5.44,5.84,6.14,6.19,6.38,6.28
1/1/2000,5.32,5.5,6.12,6.49,6.58,6.7,6.66
2/1/2000,5.55,5.72,6.22,6.65,6.68,6.72,6.52
3/1/2000,5.69,5.85,6.22,6.53,6.5,6.51,6.26
4/1/2000,5.66,5.81,6.15,6.36,6.26,6.27,5.99
5/1/2000,5.79,6.1,6.33,6.77,6.69,6.69,6.44
6/1/2000,5.69,5.97,6.17,6.43,6.3,6.33,6.1
7/1/2000,5.96,6,6.08,6.28,6.18,6.22,6.05
8/1/2000,6.09,6.07,6.18,6.17,6.06,6.05,5.83
9/1/2000,6,5.98,6.13,6.02,5.93,5.98,5.8
10/1/2000,6.11,6.04,6.01,5.85,5.78,5.84,5.74
11/1/2000,6.17,6.06,6.09,5.79,5.7,5.78,5.72
12/1/2000,5.77,5.68,5.6,5.26,5.17,5.28,5.24
1/1/2001,5.15,4.95,4.81,4.77,4.86,5.13,5.16
2/1/2001,4.88,4.71,4.68,4.71,4.89,5.1,5.1
3/1/2001,4.42,4.28,4.3,4.43,4.64,4.88,4.89
4/1/2001,3.87,3.85,3.98,4.42,4.76,5.03,5.14
5/1/2001,3.62,3.62,3.78,4.51,4.93,5.24,5.39
6/1/2001,3.49,3.45,3.58,4.35,4.81,5.14,5.28
7/1/2001,3.51,3.45,3.62,4.31,4.76,5.06,5.24
8/1/2001,3.36,3.29,3.47,4.04,4.57,4.84,4.97
9/1/2001,2.64,2.63,2.82,3.45,4.12,4.51,4.73
10/1/2001,2.16,2.12,2.33,3.14,3.91,4.31,4.57
11/1/2001,1.87,1.88,2.18,3.22,3.97,4.42,4.65
12/1/2001,1.69,1.78,2.22,3.62,4.39,4.86,5.09
1/1/2002,1.65,1.73,2.16,3.56,4.34,4.79,5.04
2/1/2002,1.72,1.82,2.23,3.55,4.3,4.71,4.91
3/1/2002,1.79,2,2.57,4.14,4.74,5.14,5.28
4/1/2002,1.71,1.92,2.48,4.01,4.65,5.02,5.21
5/1/2002,1.73,1.86,2.35,3.8,4.49,4.9,5.16
6/1/2002,1.7,1.79,2.2,3.49,4.19,4.6,4.93
7/1/2002,1.68,1.69,1.96,3.01,3.81,4.3,4.65
8/1/2002,1.62,1.6,1.76,2.52,3.29,3.88,4.26
9/1/2002,1.63,1.6,1.72,2.32,2.94,3.5,3.87
10/1/2002,1.58,1.56,1.65,2.25,2.95,3.54,3.94
11/1/2002,1.23,1.27,1.49,2.32,3.05,3.64,4.05
12/1/2002,1.19,1.24,1.45,2.23,3.03,3.63,4.03
1/1/2003,1.17,1.2,1.36,2.18,3.05,3.6,4.05
2/1/2003,1.17,1.18,1.3,2.05,2.9,3.45,3.9
3/1/2003,1.13,1.13,1.24,1.98,2.78,3.34,3.81
4/1/2003,1.13,1.14,1.27,2.06,2.93,3.47,3.96
5/1/2003,1.07,1.08,1.18,1.75,2.52,3.07,3.57
6/1/2003,0.92,0.92,1.01,1.51,2.27,2.84,3.33
7/1/2003,0.9,0.95,1.12,1.93,2.87,3.45,3.98
8/1/2003,0.95,1.03,1.31,2.44,3.37,3.96,4.45
9/1/2003,0.94,1.01,1.24,2.23,3.18,3.74,4.27
10/1/2003,0.92,1,1.25,2.26,3.19,3.75,4.29
11/1/2003,0.93,1.02,1.34,2.45,3.29,3.81,4.3
12/1/2003,0.9,0.99,1.31,2.44,3.27,3.79,4.27
1/1/2004,0.88,0.97,1.24,2.27,3.12,3.65,4.15
2/1/2004,0.93,0.99,1.24,2.25,3.07,3.59,4.08
3/1/2004,0.94,0.99,1.19,2,2.79,3.31,3.83
4/1/2004,0.94,1.09,1.43,2.57,3.39,3.89,4.35
5/1/2004,1.02,1.31,1.78,3.1,3.85,4.31,4.72
6/1/2004,1.27,1.6,2.12,3.26,3.93,4.35,4.73
7/1/2004,1.33,1.66,2.1,3.05,3.69,4.11,4.5
8/1/2004,1.48,1.72,2.02,2.88,3.47,3.9,4.28
9/1/2004,1.65,1.87,2.12,2.83,3.36,3.75,4.13
10/1/2004,1.76,2,2.23,2.85,3.35,3.75,4.1
11/1/2004,2.07,2.27,2.5,3.09,3.53,3.88,4.19
12/1/2004,2.19,2.43,2.67,3.21,3.6,3.93,4.23
1/1/2005,2.33,2.61,2.86,3.39,3.71,3.97,4.22
2/1/2005,2.54,2.77,3.03,3.54,3.77,3.97,4.17
3/1/2005,2.74,3,3.3,3.91,4.17,4.33,4.5
4/1/2005,2.78,3.05,3.32,3.79,4,4.16,4.34
5/1/2005,2.84,3.08,3.33,3.72,3.85,3.94,4.14
6/1/2005,2.97,3.13,3.36,3.69,3.77,3.86,4
7/1/2005,3.22,3.42,3.64,3.91,3.98,4.06,4.18
8/1/2005,3.44,3.66,3.87,4.08,4.12,4.18,4.26
9/1/2005,3.42,3.67,3.85,3.96,4.01,4.08,4.2
10/1/2005,3.71,3.99,4.18,4.29,4.33,4.38,4.46
11/1/2005,3.88,4.15,4.33,4.43,4.45,4.48,4.54
12/1/2005,3.89,4.18,4.35,4.39,4.39,4.41,4.47
1/1/2006,4.24,4.31,4.45,4.35,4.35,4.37,4.42
2/1/2006,4.43,4.52,4.68,4.64,4.57,4.56,4.57
3/1/2006,4.51,4.62,4.77,4.74,4.72,4.71,4.72
4/1/2006,4.6,4.72,4.9,4.89,4.9,4.94,4.99
5/1/2006,4.72,4.82,5,4.97,5,5.03,5.11
6/1/2006,4.79,4.97,5.16,5.09,5.07,5.08,5.11
7/1/2006,4.95,5.06,5.22,5.07,5.04,5.05,5.09
8/1/2006,4.96,4.97,5.08,4.85,4.82,4.83,4.88
9/1/2006,4.81,4.89,4.97,4.69,4.67,4.68,4.72
10/1/2006,4.92,4.92,5.01,4.72,4.69,4.69,4.73
11/1/2006,4.94,4.95,5.01,4.64,4.58,4.58,4.6
12/1/2006,4.85,4.88,4.94,4.58,4.53,4.54,4.56
1/1/2007,4.98,4.95,5.06,4.79,4.75,4.75,4.76
2/1/2007,5.03,4.96,5.05,4.75,4.71,4.71,4.72
3/1/2007,4.94,4.89,4.92,4.51,4.48,4.5,4.56
4/1/2007,4.87,4.86,4.93,4.6,4.59,4.62,4.69
5/1/2007,4.73,4.78,4.91,4.69,4.67,4.69,4.75
6/1/2007,4.61,4.76,4.96,5,5.03,5.05,5.1
7/1/2007,4.82,4.83,4.96,4.82,4.88,4.93,5
8/1/2007,4.2,4.38,4.47,4.34,4.43,4.53,4.67
9/1/2007,3.89,4.05,4.14,4.06,4.2,4.33,4.52
10/1/2007,3.9,4.01,4.1,4.01,4.2,4.33,4.53
11/1/2007,3.27,3.46,3.5,3.35,3.67,3.87,4.15
12/1/2007,3,3.23,3.26,3.13,3.49,3.74,4.1
1/1/2008,2.75,2.75,2.71,2.51,2.98,3.31,3.74
2/1/2008,2.12,2.04,2.05,2.19,2.78,3.21,3.74
3/1/2008,1.26,1.48,1.54,1.8,2.48,2.93,3.51
4/1/2008,1.29,1.55,1.74,2.23,2.84,3.19,3.68
5/1/2008,1.73,1.82,2.06,2.69,3.15,3.46,3.88
6/1/2008,1.86,2.13,2.42,3.08,3.49,3.73,4.1
7/1/2008,1.63,1.93,2.28,2.87,3.3,3.6,4.01
8/1/2008,1.72,1.92,2.18,2.7,3.14,3.46,3.89
9/1/2008,1.13,1.61,1.91,2.32,2.88,3.25,3.69
10/1/2008,0.67,1.2,1.42,1.86,2.73,3.19,3.81
11/1/2008,0.19,0.73,1.07,1.51,2.29,2.82,3.53
12/1/2008,0.03,0.26,0.49,1.07,1.52,1.89,2.42
1/1/2009,0.13,0.3,0.44,1.13,1.6,1.98,2.52
2/1/2009,0.3,0.45,0.62,1.37,1.87,2.3,2.87
3/1/2009,0.21,0.42,0.64,1.31,1.82,2.42,2.82
4/1/2009,0.16,0.35,0.55,1.32,1.86,2.47,2.93
5/1/2009,0.18,0.3,0.5,1.39,2.13,2.81,3.29
6/1/2009,0.18,0.31,0.51,1.76,2.71,3.37,3.72
7/1/2009,0.18,0.27,0.48,1.55,2.46,3.14,3.56
8/1/2009,0.17,0.26,0.46,1.65,2.57,3.21,3.59
9/1/2009,0.12,0.21,0.4,1.48,2.37,3.02,3.4
10/1/2009,0.07,0.16,0.37,1.46,2.33,2.96,3.39
11/1/2009,0.05,0.15,0.31,1.32,2.23,2.92,3.4
12/1/2009,0.05,0.17,0.37,1.38,2.34,3.07,3.59
1/1/2010,0.06,0.15,0.35,1.49,2.48,3.21,3.73
2/1/2010,0.11,0.18,0.35,1.4,2.36,3.12,3.69
3/1/2010,0.15,0.22,0.4,1.51,2.43,3.16,3.73
4/1/2010,0.16,0.24,0.45,1.64,2.58,3.28,3.85
5/1/2010,0.16,0.22,0.37,1.32,2.18,2.86,3.42
6/1/2010,0.12,0.19,0.32,1.17,2,2.66,3.2
7/1/2010,0.16,0.2,0.29,0.98,1.76,2.43,3.01
8/1/2010,0.16,0.19,0.26,0.78,1.47,2.1,2.7
9/1/2010,0.15,0.19,0.26,0.74,1.41,2.05,2.65
10/1/2010,0.13,0.18,0.23,0.57,1.18,1.85,2.54
11/1/2010,0.14,0.18,0.25,0.67,1.35,2.02,2.76
12/1/2010,0.14,0.19,0.29,0.99,1.93,2.66,3.29
1/1/2011,0.15,0.18,0.27,1.03,1.99,2.72,3.39
2/1/2011,0.13,0.17,0.29,1.28,2.26,2.96,3.58
3/1/2011,0.1,0.16,0.26,1.17,2.11,2.8,3.41
4/1/2011,0.06,0.12,0.25,1.21,2.17,2.84,3.46
5/1/2011,0.04,0.09,0.19,0.94,1.84,2.51,3.17
6/1/2011,0.04,0.1,0.18,0.71,1.58,2.29,3
7/1/2011,0.04,0.08,0.19,0.68,1.54,2.28,3
8/1/2011,0.02,0.06,0.11,0.38,1.02,1.63,2.3
9/1/2011,0.01,0.04,0.1,0.35,0.9,1.42,1.98
10/1/2011,0.02,0.05,0.11,0.47,1.06,1.62,2.15
11/1/2011,0.01,0.05,0.11,0.39,0.91,1.45,2.01
12/1/2011,0.01,0.05,0.12,0.39,0.89,1.43,1.98
1/1/2012,0.03,0.07,0.12,0.36,0.84,1.38,1.97
2/1/2012,0.09,0.12,0.16,0.38,0.83,1.37,1.97
3/1/2012,0.08,0.14,0.19,0.51,1.02,1.56,2.17
4/1/2012,0.08,0.14,0.18,0.43,0.89,1.43,2.05
5/1/2012,0.09,0.15,0.19,0.39,0.76,1.21,1.8
6/1/2012,0.09,0.15,0.19,0.39,0.71,1.08,1.62
7/1/2012,0.1,0.15,0.19,0.33,0.62,0.98,1.53
8/1/2012,0.1,0.14,0.18,0.37,0.71,1.14,1.68
9/1/2012,0.11,0.14,0.18,0.34,0.67,1.12,1.72
10/1/2012,0.1,0.15,0.18,0.37,0.71,1.15,1.75
11/1/2012,0.09,0.14,0.18,0.36,0.67,1.08,1.65
12/1/2012,0.07,0.12,0.16,0.35,0.7,1.13,1.72
1/1/2013,0.07,0.11,0.15,0.39,0.81,1.3,1.91
2/1/2013,0.1,0.12,0.16,0.4,0.85,1.35,1.98
3/1/2013,0.09,0.11,0.15,0.39,0.82,1.32,1.96
4/1/2013,0.06,0.09,0.12,0.34,0.71,1.15,1.76
5/1/2013,0.04,0.08,0.12,0.4,0.84,1.31,1.93
6/1/2013,0.05,0.09,0.14,0.58,1.2,1.71,2.3
7/1/2013,0.04,0.07,0.12,0.64,1.4,1.99,2.58
8/1/2013,0.04,0.07,0.13,0.7,1.52,2.15,2.74
9/1/2013,0.02,0.04,0.12,0.78,1.6,2.22,2.81
10/1/2013,0.05,0.08,0.12,0.63,1.37,1.99,2.62
11/1/2013,0.07,0.1,0.12,0.58,1.37,2.07,2.72
12/1/2013,0.07,0.1,0.13,0.69,1.58,2.29,2.9
1/1/2014,0.04,0.07,0.12,0.78,1.65,2.29,2.86
2/1/2014,0.05,0.08,0.12,0.69,1.52,2.15,2.71
3/1/2014,0.05,0.08,0.13,0.82,1.64,2.23,2.72
4/1/2014,0.03,0.05,0.11,0.88,1.7,2.27,2.71
5/1/2014,0.03,0.05,0.1,0.83,1.59,2.12,2.56
6/1/2014,0.04,0.06,0.1,0.9,1.68,2.19,2.6
7/1/2014,0.03,0.06,0.11,0.97,1.7,2.17,2.54
8/1/2014,0.03,0.05,0.11,0.93,1.63,2.08,2.42
9/1/2014,0.02,0.04,0.11,1.05,1.77,2.22,2.53
10/1/2014,0.02,0.05,0.1,0.88,1.55,1.98,2.3
11/1/2014,0.02,0.07,0.13,0.96,1.62,2.03,2.33
12/1/2014,0.03,0.11,0.21,1.06,1.64,1.98,2.21
1/1/2015,0.03,0.08,0.2,0.9,1.37,1.67,1.88
2/1/2015,0.02,0.07,0.22,0.99,1.47,1.79,1.98
3/1/2015,0.03,0.11,0.25,1.02,1.52,1.84,2.04
4/1/2015,0.02,0.09,0.23,0.87,1.35,1.69,1.94
5/1/2015,0.02,0.08,0.24,0.98,1.54,1.93,2.2
6/1/2015,0.02,0.09,0.28,1.07,1.68,2.1,2.36
7/1/2015,0.03,0.12,0.3,1.03,1.63,2.04,2.32
8/1/2015,0.07,0.22,0.38,1.03,1.54,1.91,2.17
9/1/2015,0.02,0.18,0.37,1.01,1.49,1.88,2.17
10/1/2015,0.02,0.11,0.26,0.93,1.39,1.76,2.07
11/1/2015,0.12,0.32,0.48,1.2,1.67,2.02,2.26
12/1/2015,0.23,0.49,0.65,1.28,1.7,2.04,2.24
1/1/2016,0.26,0.43,0.54,1.14,1.52,1.85,2.09
2/1/2016,0.31,0.44,0.53,0.9,1.22,1.53,1.78
3/1/2016,0.29,0.46,0.66,1.04,1.38,1.68,1.89
4/1/2016,0.23,0.37,0.56,0.92,1.26,1.57,1.81
5/1/2016,0.27,0.41,0.59,0.97,1.3,1.6,1.81
6/1/2016,0.27,0.4,0.55,0.86,1.17,1.44,1.64
7/1/2016,0.3,0.39,0.51,0.79,1.07,1.33,1.5
8/1/2016,0.3,0.44,0.57,0.85,1.13,1.4,1.56
9/1/2016,0.29,0.46,0.59,0.9,1.18,1.46,1.63
10/1/2016,0.33,0.47,0.66,0.99,1.27,1.56,1.76
11/1/2016,0.45,0.57,0.74,1.22,1.6,1.93,2.14
12/1/2016,0.51,0.63,0.87,1.49,1.96,2.29,2.49
1/1/2017,0.51,0.61,0.83,1.48,1.92,2.23,2.43
2/1/2017,0.52,0.64,0.82,1.47,1.9,2.22,2.42
3/1/2017,0.74,0.87,1.01,1.59,2.01,2.3,2.48
4/1/2017,0.8,0.93,1.04,1.44,1.82,2.1,2.3
5/1/2017,0.89,1.02,1.12,1.48,1.84,2.11,2.3
6/1/2017,0.98,1.09,1.2,1.49,1.77,2.01,2.19
7/1/2017,1.07,1.11,1.22,1.54,1.87,2.13,2.32
8/1/2017,1.01,1.11,1.23,1.48,1.78,2.03,2.21
9/1/2017,1.03,1.15,1.28,1.51,1.8,2.03,2.2
10/1/2017,1.07,1.23,1.4,1.68,1.98,2.2,2.36
11/1/2017,1.23,1.36,1.56,1.81,2.05,2.23,2.35
12/1/2017,1.32,1.47,1.7,1.96,2.18,2.32,2.4
1/1/2018,1.41,1.59,1.8,2.15,2.38,2.51,2.58
2/1/2018,1.57,1.75,1.96,2.36,2.6,2.78,2.86
3/1/2018,1.7,1.87,2.06,2.42,2.63,2.77,2.84
4/1/2018,1.76,1.93,2.15,2.52,2.7,2.82,2.87
5/1/2018,1.86,2.02,2.27,2.66,2.82,2.93,2.98
6/1/2018,1.9,2.06,2.33,2.65,2.78,2.87,2.91
7/1/2018,1.96,2.11,2.39,2.7,2.78,2.85,2.89
8/1/2018,2.03,2.19,2.45,2.71,2.77,2.84,2.89
